{
  "$schema": "https://raw.githubusercontent.com/grafana/grafana/main/docs/sources/developers/plugins/plugin.schema.json",
  "type": "panel",
  "name": "solar-flow",
  "id": "lehmannch-flow-panel",
  "info": {
    "keywords": ["panel", "solar", "flow", "production", "monitoring", "energy", "sun", "power", "electricity", "renewable", "sustainability", "solar panel", "solar panels",
                  "solar energy", "solar power", "solar electricity", "solar production", "solar monitoring", "solar flow", "solar production flow"],
    "description": "A panel plugin designed to visualize the production flow of solar panels within the Grafana monitoring platform. ",
    "author": {
      "name": "Lehmann Elektro"
    },
    "logos": {
      "small": "img/logo.svg",
      "large": "img/logo.svg"
    },
    "links": [
      {
        "name": "GitHub Repository",
        "url": "https://github.com/A-Lehmann-Elektro-AG/solar-flow-grafana"
      },
      {
        "name": "Official Organization Website",
        "url": "https://lehmann.ch/"
      }],
    "screenshots": [
      {
        "name": "Screenshot",
        "path": "img_6.png"
      }],
    "version": "1.0.0",
    "updated": "2024-03-15"
  },
  "dependencies": {
    "grafanaDependency": ">=10.3.3",
    "plugins": []
  }
}
